{"_playerPositions":[{"x":-6.739996910095215,"y":-3.9849765300750734,"z":0.17784348130226136},{"x":8.029999732971192,"y":-3.9850051403045656,"z":0.17784348130226136}]}